{"name":"cc739053-7775-41c4-b5d2-8ff45a2e09ec","id":"/providers/Microsoft.Flow/flows/cc739053-7775-41c4-b5d2-8ff45a2e09ec","type":"Microsoft.Flow/flows","properties":{"apiId":"/providers/Microsoft.PowerApps/apis/shared_logicflows","displayName":"Initialization API","definition":{"metadata":{"workflowEntityId":null,"processAdvisorMetadata":null,"flowChargedByPaygo":null,"flowclientsuspensionreason":"None","flowclientsuspensiontime":null,"flowclientsuspensionreasondetails":null,"creator":{"id":"e983c8b7-cf38-4b28-934b-5526fc3e9596","type":"User","tenantId":"3539293e-58fa-4bab-a02e-18dc57fa9737"},"provisioningMethod":"FromDefinition","failureAlertSubscription":true,"clientLastModifiedTime":"2023-08-17T15:42:40.1113884Z"},"$schema":"https://schema.management.azure.com/providers/Microsoft.Logic/schemas/2016-06-01/workflowdefinition.json#","contentVersion":"1.0.0.0","parameters":{"$connections":{"defaultValue":{},"type":"Object"},"$authentication":{"defaultValue":{},"type":"SecureObject"}},"triggers":{"manual":{"metadata":{"operationMetadataId":"22585013-bda7-42ad-86d2-c079cf2899b4"},"type":"Request","kind":"Http","inputs":{"method":"POST"}}},"actions":{"Parse_All_JSON":{"runAfter":{"Create_object_from_HTTP_Body":["Succeeded"]},"metadata":{"operationMetadataId":"d5ab31d6-3504-4499-8207-696e86bef569"},"type":"ParseJson","inputs":{"content":"@triggerBody()","schema":{"type":"object","properties":{"t.GI.generalContractorName":{"type":"string"},"t.GI.telephoneNumberOfPrime":{"type":"string"},"t.GI.streetAddrOfGeneralContractor":{"type":"string"},"t.GI.cityOfGeneralContractor":{"type":"string"},"dd.GI.stateOfGeneralContractor":{"type":"string"},"t.GI.zipCodeOfGeneralContractor":{"type":"string"},"mt.GI.contractNo":{"type":"string"},"mt.GI.primeEIN":{"type":"string"},"num.GI.contractValue":{"type":"integer"},"sc.GI.federallyFunded":{"type":"string"},"dt.listOfEmails":{"type":"array","items":{"type":"object","properties":{"__id":{"type":"string"},"email":{"type":"string"},"company":{"type":"string"},"repName":{"type":"string"}},"required":["__id","email","company","repName"]}},"__id":{"type":"string"}}}}},"Send_Email":{"foreach":"@body('Parse_All_JSON')?['dt.listOfEmails']","actions":{"Parse_Row":{"runAfter":{},"metadata":{"operationMetadataId":"41bda5f4-3a3a-4389-8477-7f90a2caaa0e"},"type":"ParseJson","inputs":{"content":"@items('Send_Email')","schema":{"type":"object","properties":{"__id":{"type":"string"},"email":{"type":"string"},"company":{"type":"string"},"repName":{"type":"string"},"primeContact":{"type":"string"},"notes":{"type":"string"}}}}},"Send_an_email_(V2)":{"runAfter":{"Compose":["Succeeded"]},"metadata":{"operationMetadataId":"f6af42db-7543-4e3e-9dd9-c4d49dc47557"},"type":"OpenApiConnection","inputs":{"host":{"apiId":"/providers/Microsoft.PowerApps/apis/shared_office365","connectionName":"shared_office365","operationId":"SendEmailV2"},"parameters":{"emailMessage/To":"@body('Parse_Row')?['email']","emailMessage/Subject":" @{body('Parse_All_JSON')?['t.GI.generalContractorName']} requests you fill out the following forms","emailMessage/Body":"<p>Hello @{body('Parse_Row')?['repName']},<br>\n<br>\nAs a representative of @{body('Parse_Row')?['company']}, @{body('Parse_All_JSON')?['t.GI.generalContractorName']} requests you fill out the following subcontractor forms, necessary for MTA approval. Please click the link below to complete these required forms.<br>\n<br>\n@{outputs('Compose')}<br>\n<br>\n@{variables('additionalNotes')}<br>\n<br>\nThank you,<br>\n</p>","emailMessage/Importance":"Normal"},"authentication":"@parameters('$authentication')"}},"Compose":{"runAfter":{"Condition":["Succeeded"]},"metadata":{"operationMetadataId":"1aa6dab9-2ed2-4ae6-93e3-9e955fde6509"},"type":"Compose","inputs":"<a href=\"@{variables('Subcontrator Base Site')}?contract=@{body('Parse_All_JSON')?['mt.GI.contractNo']}&subName=@{body('Parse_All_JSON')?['mt.GI.contractNo']}&primeContact=@{body('Parse_Row')?['primeContact']}&name=@{body('Parse_Row')?['company']}\">Click Here for details</a>"},"Condition":{"actions":{"Set_variable":{"runAfter":{},"metadata":{"operationMetadataId":"29cddb03-3cf5-40da-9935-f592560bfb9e"},"type":"SetVariable","inputs":{"name":"additionalNotes","value":"Additional Notes from @{body('Parse_All_JSON')?['t.GI.generalContractorName']}: <br>\n@{body('Parse_Row')?['notes']}"}}},"runAfter":{"Parse_Row":["Succeeded"]},"else":{"actions":{"Set_variable_2":{"runAfter":{},"metadata":{"operationMetadataId":"9fc9faae-814b-4baf-add9-71ddb770588f"},"type":"SetVariable","inputs":{"name":"additionalNotes","value":" "}}}},"expression":{"not":{"equals":["","@null"]}},"metadata":{"operationMetadataId":"e585ca20-de68-4abb-9ef0-bf1ef38028c5"},"type":"If"}},"runAfter":{"additionalNotes":["Succeeded"]},"metadata":{"operationMetadataId":"4dcced3a-420c-4c58-9782-1c9c5430ce34"},"type":"Foreach"},"Response":{"runAfter":{"Send_Email":["Succeeded"]},"metadata":{"operationMetadataId":"34b97a31-24bf-4ae9-bba4-8f60c854fdc1"},"type":"Response","kind":"Http","inputs":{"statusCode":200,"schema":{"type":"object","properties":{"GCName":{"type":"string"},"GCAddress":{"type":"string"},"ContractNo":{"type":"string"},"PrimeEIN":{"type":"string"},"FederallyFunded":{"type":"string"},"CorpOrCoPartner":{"type":"string"},"F3NA":{"type":"string"},"RMSAQuestion":{"type":"string"},"ScheduleBQuestion":{"type":"string"},"B1Question":{"type":"string"},"EditableItems":{"type":"array","items":{"type":"string"}}}}}},"Create_object_from_HTTP_Body":{"runAfter":{"Subcontractor_Base_Site":["Succeeded"]},"metadata":{"operationMetadataId":"b80a200b-419d-4b6a-a05e-aed4f3d37e3d"},"type":"InitializeVariable","inputs":{"variables":[{"name":"dataFromHTTP","type":"object","value":"@triggerBody()"}]}},"filename":{"runAfter":{"Parse_All_JSON":["Succeeded"]},"metadata":{"operationMetadataId":"48b080d8-0c31-410a-95c7-1202ddea0ed4"},"type":"Compose","inputs":"@{body('Parse_All_JSON')?['mt.GI.contractNo']}.json"},"PATH":{"runAfter":{"filename":["Succeeded"]},"metadata":{"operationMetadataId":"7cc596ce-f3e2-400c-bf9c-36f1e0d35966"},"type":"InitializeVariable","inputs":{"variables":[{"name":"PATH","type":"string","value":"Projects/Summer 2023 Intern Project -- Subcontractor Form Automation/Submissions/@{body('Parse_All_JSON')?['mt.GI.contractNo']}/JSON"}]}},"filecontent":{"runAfter":{"PATH":["Succeeded"]},"metadata":{"operationMetadataId":"7b72ff65-9aa8-4133-8e57-784c6fb7e609"},"type":"Compose","inputs":"@removeProperty(removeProperty(triggerBody(), 'listOfEmails'), '__id')"},"Create_new_folder":{"runAfter":{"filecontent":["Succeeded"]},"metadata":{"operationMetadataId":"92496632-10bf-47c1-bc15-f347490e2bbb"},"type":"OpenApiConnection","inputs":{"host":{"apiId":"/providers/Microsoft.PowerApps/apis/shared_sharepointonline","connectionName":"shared_sharepointonline","operationId":"CreateNewFolder"},"parameters":{"dataset":"https://judlauent.sharepoint.com/sites/TCEInnovation","table":"9688d8ac-317d-4006-bb42-a7c83a467adb","parameters/path":"@variables('PATH')"},"authentication":"@parameters('$authentication')"}},"Create_file":{"runAfter":{"Create_new_folder":["Succeeded"]},"metadata":{"operationMetadataId":"d7ae82fe-c0c6-4607-a1e6-3736805bac71"},"type":"OpenApiConnection","inputs":{"host":{"apiId":"/providers/Microsoft.PowerApps/apis/shared_sharepointonline","connectionName":"shared_sharepointonline","operationId":"CreateFile"},"parameters":{"dataset":"https://judlauent.sharepoint.com/sites/TCEInnovation","folderPath":"/Shared Documents/@{variables('PATH')}","name":"@outputs('filename')","body":"@outputs('filecontent')"},"authentication":"@parameters('$authentication')"},"runtimeConfiguration":{"contentTransfer":{"transferMode":"Chunked"}}},"additionalNotes":{"runAfter":{"Create_file":["Succeeded"]},"metadata":{"operationMetadataId":"68d2324e-a437-4a9c-9cc3-cdf93222bc37"},"type":"InitializeVariable","inputs":{"variables":[{"name":"additionalNotes","type":"string"}]}},"Subcontractor_Base_Site":{"runAfter":{},"metadata":{"operationMetadataId":"debc11e3-a2bc-4518-96b9-31d9f19db227"},"type":"InitializeVariable","inputs":{"variables":[{"name":"Subcontrator Base Site","type":"string","value":"https://tce-innovation.github.io/Subcontractor-Automation/forms/subcontractor.html"}]}}},"outputs":{}},"connectionReferences":{"shared_office365":{"connectionName":"shared-office365-a253950e-52df-4d95-8050-72dc1ed054a3","source":"Embedded","id":"/providers/Microsoft.PowerApps/apis/shared_office365","tier":"NotSpecified"},"shared_sharepointonline":{"connectionName":"shared-sharepointonl-1c65e8dc-e604-44ca-b4d7-43fcce557cfe","source":"Embedded","id":"/providers/Microsoft.PowerApps/apis/shared_sharepointonline","tier":"NotSpecified"}},"flowFailureAlertSubscribed":false,"isManaged":false}}