{"name":"e9d0db40-41e4-4303-8a01-b740e8c04a4e","id":"/providers/Microsoft.Flow/flows/e9d0db40-41e4-4303-8a01-b740e8c04a4e","type":"Microsoft.Flow/flows","properties":{"apiId":"/providers/Microsoft.PowerApps/apis/shared_logicflows","displayName":"Correction Form API","definition":{"metadata":{"workflowEntityId":null,"processAdvisorMetadata":null,"flowChargedByPaygo":null,"flowclientsuspensionreason":"None","flowclientsuspensiontime":null,"flowclientsuspensionreasondetails":null,"creator":{"id":"e983c8b7-cf38-4b28-934b-5526fc3e9596","type":"User","tenantId":"3539293e-58fa-4bab-a02e-18dc57fa9737"},"provisioningMethod":"FromDefinition","failureAlertSubscription":true,"clientLastModifiedTime":"2023-08-11T13:04:53.3591196Z"},"$schema":"https://schema.management.azure.com/providers/Microsoft.Logic/schemas/2016-06-01/workflowdefinition.json#","contentVersion":"1.0.0.0","parameters":{"$connections":{"defaultValue":{},"type":"Object"},"$authentication":{"defaultValue":{},"type":"SecureObject"}},"triggers":{"manual":{"metadata":{"operationMetadataId":"22585013-bda7-42ad-86d2-c079cf2899b4"},"type":"Request","kind":"Http","inputs":{"method":"POST"}}},"actions":{"Response":{"runAfter":{"Send_Email":["Succeeded"]},"metadata":{"operationMetadataId":"34b97a31-24bf-4ae9-bba4-8f60c854fdc1"},"type":"Response","kind":"Http","inputs":{"statusCode":200,"schema":{"type":"object","properties":{"GCName":{"type":"string"},"GCAddress":{"type":"string"},"ContractNo":{"type":"string"},"PrimeEIN":{"type":"string"},"FederallyFunded":{"type":"string"},"CorpOrCoPartner":{"type":"string"},"F3NA":{"type":"string"},"RMSAQuestion":{"type":"string"},"ScheduleBQuestion":{"type":"string"},"B1Question":{"type":"string"},"EditableItems":{"type":"array","items":{"type":"string"}}}}}},"Parse_JSON":{"runAfter":{},"metadata":{"operationMetadataId":"d5ab31d6-3504-4499-8207-696e86bef569"},"type":"ParseJson","inputs":{"content":"@triggerBody()","schema":{"type":"object","properties":{"dd.GI.contractNo":{"type":"string"},"dd.GI.subcontractorName":{"type":"string"},"YourEmail":{"type":"string"},"DataTable1":{"type":"array","items":{"type":"object","properties":{"__id":{"type":"string"},"Column3":{"type":"string"},"Column1":{"type":"string"},"Column2":{"type":"string"}},"required":["__id","Column3","Column1","Column2"]}},"dt.email":{"type":"array","items":{"type":"object","properties":{"__id":{"type":"string"},"name":{"type":"string"},"Email":{"type":"string"},"companyName":{"type":"string"}},"required":["__id","name","Email","companyName"]}},"notes":{"type":"string"},"__id":{"type":"string"},"bodyOfEmail":{"type":"array","items":{"type":"string"}},"editableItems":{"type":"array","items":{"type":"string"}},"email":{"type":"array","items":{"type":"string"}}}}}},"Get_file_content_using_path":{"runAfter":{"Add_to_the_email_body_to_insert_new_lines_from_array":["Succeeded"]},"metadata":{"operationMetadataId":"6476fbd2-ef78-4738-ae76-25e4026f09cb"},"type":"OpenApiConnection","inputs":{"host":{"apiId":"/providers/Microsoft.PowerApps/apis/shared_sharepointonline","connectionName":"shared_sharepointonline","operationId":"GetFileContentByPath"},"parameters":{"dataset":"https://judlauent.sharepoint.com/sites/TCEInnovation","path":"/Shared Documents/Projects/Summer 2023 Intern Project -- Subcontractor Form Automation/Submissions/@{body('Parse_JSON')?['dd.GI.contractNo']}/JSON/@{variables('subNameSpaceless')}.json","inferContentType":true},"authentication":"@parameters('$authentication')"}},"originalJSON_from_file":{"runAfter":{"Get_file_content_using_path":["Succeeded"]},"metadata":{"operationMetadataId":"19c4100c-9477-49a3-b083-3d1e5ce74a03"},"type":"InitializeVariable","inputs":{"variables":[{"name":"originalJSON","type":"object","value":"@body('Get_file_content_using_path')"}]}},"Add_property_to_originalJSON":{"runAfter":{"Attempt_to_remove_property":["Failed","Succeeded"]},"metadata":{"operationMetadataId":"4e476b50-bb87-4a5a-91cb-c4bdbf3d1b40"},"type":"Compose","inputs":"@addProperty(outputs('Attempt_to_remove_property'), 'editableItems', body('Parse_JSON')?['editableItems'])"},"Send_Email":{"foreach":"@body('Parse_JSON')?['dt.email']","actions":{"Parse_Contact_List":{"runAfter":{},"metadata":{"operationMetadataId":"8a754378-92d8-4512-9bb6-47cb41f595a2"},"type":"ParseJson","inputs":{"content":"@items('Send_Email')","schema":{"type":"object","properties":{"__id":{"type":"string"},"name":{"type":"string"},"Email":{"type":"string"},"companyName":{"type":"string"}}}}},"Send_an_email_(V2)":{"runAfter":{"Compose":["Succeeded"]},"metadata":{"operationMetadataId":"32afee74-163e-4bf3-9168-921e7ed85425"},"type":"OpenApiConnection","inputs":{"host":{"apiId":"/providers/Microsoft.PowerApps/apis/shared_office365","connectionName":"shared_office365","operationId":"SendEmailV2"},"parameters":{"emailMessage/To":"@body('Parse_Contact_List')?['Email']","emailMessage/Subject":"Your subcontractor forms have been reviewed: Please Correct","emailMessage/Body":"<p>Hello @{body('Parse_Contact_List')?['name']},<br>\n<br>\nAs a representative of @{body('Parse_Contact_List')?['companyName']}, &nbsp;you have been requested to correct the following items for contract @{body('Parse_JSON')?['dd.GI.contractNo']}:<br>\n<br>\n@{variables('emailBody')}<br>\n<br>\nThe engineer who has reviewed your forms inclided the following notes:<br>\n<br>\n@{body('Parse_JSON')?['notes']}<br>\n<br>\nClick here to correct your forms: @{outputs('Compose')}<br>\n<br>\nThank you</p>","emailMessage/Cc":"@body('Parse_JSON')?['YourEmail']","emailMessage/Importance":"Normal"},"authentication":"@parameters('$authentication')"}},"Compose":{"runAfter":{"Parse_Contact_List":["Succeeded"]},"metadata":{"operationMetadataId":"076ed453-bee4-4f98-9ec4-4082f6a1f2f8"},"type":"Compose","inputs":"<a href=\"@{variables('Subcontrator Base Site')}?contract=@{body('Parse_JSON')?['dd.GI.contractNo']}&subName=@{body('Parse_JSON')?['dd.GI.subcontractorName']}&primeContact=@{body('Parse_JSON')?['YourEmail']}\">Click to correct your form</a>"}},"runAfter":{"Subcontractor_Base_Site":["Succeeded"]},"metadata":{"operationMetadataId":"4dcced3a-420c-4c58-9782-1c9c5430ce34"},"type":"Foreach"},"Write_back_to_SharePoint":{"runAfter":{"Add_property_to_originalJSON":["Succeeded"]},"metadata":{"operationMetadataId":"f82f287f-d7bb-4f6b-a45c-343396662a2d"},"type":"OpenApiConnection","inputs":{"host":{"apiId":"/providers/Microsoft.PowerApps/apis/shared_sharepointonline","connectionName":"shared_sharepointonline","operationId":"CreateFile"},"parameters":{"dataset":"https://judlauent.sharepoint.com/sites/TCEInnovation","folderPath":"/Shared Documents/Projects/Summer 2023 Intern Project -- Subcontractor Form Automation/Submissions/@{body('Parse_JSON')?['dd.GI.contractNo']}/JSON/","name":"@{variables('subNameSpaceless')}.json","body":"@outputs('Add_property_to_originalJSON')"},"authentication":"@parameters('$authentication')"},"runtimeConfiguration":{"contentTransfer":{"transferMode":"Chunked"}}},"Attempt_to_remove_property":{"runAfter":{"originalJSON_from_file":["Succeeded"]},"metadata":{"operationMetadataId":"96bab903-c12f-4f99-ae08-4fcce59e6443"},"type":"Compose","inputs":"@removeProperty(variables('originalJSON'), 'editableItems')"},"Add_to_the_email_body_to_insert_new_lines_from_array":{"foreach":"@body('Parse_JSON')?['bodyOfEmail']","actions":{"Append_to_string_variable":{"runAfter":{},"metadata":{"operationMetadataId":"ec3c2b64-d02b-4e67-a5fb-ce6ce56ac496"},"type":"AppendToStringVariable","inputs":{"name":"emailBody","value":"@{items('Add_to_the_email_body_to_insert_new_lines_from_array')}<br>"},"description":"<br> is used for a line break in the email rendering process"}},"runAfter":{"Initialize_the_email_body":["Succeeded"]},"metadata":{"operationMetadataId":"537097a0-9e95-430e-b9d7-75c278e5820f"},"type":"Foreach"},"Initialize_the_email_body":{"runAfter":{"Remove_Spaces_from_Sub_Name":["Succeeded"]},"metadata":{"operationMetadataId":"70a01ef4-2f1d-4c8c-b5c8-f32cd69bb3b9"},"type":"InitializeVariable","inputs":{"variables":[{"name":"emailBody","type":"string"}]}},"Remove_Spaces_from_Sub_Name":{"runAfter":{"Parse_JSON":["Succeeded"]},"metadata":{"operationMetadataId":"62fd98de-065d-4594-a21c-4c88604572d1"},"type":"InitializeVariable","inputs":{"variables":[{"name":"subNameSpaceless","type":"string","value":"@{toUpper(replace(body('Parse_JSON')?['dd.GI.subcontractorName'],' ',''))}"}]}},"Subcontractor_Base_Site":{"runAfter":{"Write_back_to_SharePoint":["Succeeded"]},"metadata":{"operationMetadataId":"debc11e3-a2bc-4518-96b9-31d9f19db227"},"type":"InitializeVariable","inputs":{"variables":[{"name":"Subcontrator Base Site","type":"string","value":"https://tce-innovation.github.io/Subcontractor-Automation/forms/subcontractor.html"}]}}},"outputs":{}},"connectionReferences":{"shared_sharepointonline":{"connectionName":"shared-sharepointonl-1c65e8dc-e604-44ca-b4d7-43fcce557cfe","source":"Embedded","id":"/providers/Microsoft.PowerApps/apis/shared_sharepointonline","tier":"NotSpecified"},"shared_office365":{"connectionName":"shared-office365-a253950e-52df-4d95-8050-72dc1ed054a3","source":"Embedded","id":"/providers/Microsoft.PowerApps/apis/shared_office365","tier":"NotSpecified"}},"flowFailureAlertSubscribed":false,"isManaged":false}}