{"name":"0b21a36c-7769-46e5-a118-9a61cd5e234f","id":"/providers/Microsoft.Flow/flows/0b21a36c-7769-46e5-a118-9a61cd5e234f","type":"Microsoft.Flow/flows","properties":{"apiId":"/providers/Microsoft.PowerApps/apis/shared_logicflows","displayName":"Correction Form Dropdown API","definition":{"metadata":{"workflowEntityId":null,"processAdvisorMetadata":null,"flowChargedByPaygo":null,"flowclientsuspensionreason":"None","flowclientsuspensiontime":null,"flowclientsuspensionreasondetails":null,"creator":{"id":"e983c8b7-cf38-4b28-934b-5526fc3e9596","type":"User","tenantId":"3539293e-58fa-4bab-a02e-18dc57fa9737"},"provisioningMethod":"FromDefinition","failureAlertSubscription":true,"clientLastModifiedTime":"2023-08-16T17:58:57.3156652Z"},"$schema":"https://schema.management.azure.com/providers/Microsoft.Logic/schemas/2016-06-01/workflowdefinition.json#","contentVersion":"1.0.0.0","parameters":{"$connections":{"defaultValue":{},"type":"Object"},"$authentication":{"defaultValue":{},"type":"SecureObject"}},"triggers":{"manual":{"metadata":{"operationMetadataId":"22585013-bda7-42ad-86d2-c079cf2899b4"},"type":"Request","kind":"Http","inputs":{"method":"POST"}}},"actions":{"Condition":{"actions":{"Get_files_(properties_only)":{"runAfter":{},"metadata":{"operationMetadataId":"5ffc0301-5c86-4677-bba3-5a66380cf387"},"type":"OpenApiConnection","inputs":{"host":{"apiId":"/providers/Microsoft.PowerApps/apis/shared_sharepointonline","connectionName":"shared_sharepointonline","operationId":"GetFileItems"},"parameters":{"dataset":"https://judlauent.sharepoint.com/sites/TCEInnovation","table":"9688d8ac-317d-4006-bb42-a7c83a467adb","folderPath":"/Shared Documents/Projects/Summer 2023 Intern Project -- Subcontractor Form Automation/Submissions","viewScopeOption":"Default"},"authentication":"@parameters('$authentication')"}},"Response_2":{"runAfter":{"Get_files_(properties_only)":["Succeeded"]},"metadata":{"operationMetadataId":"34b97a31-24bf-4ae9-bba4-8f60c854fdc1"},"type":"Response","kind":"Http","inputs":{"statusCode":200,"body":"@outputs('Get_files_(properties_only)')?['body/value']","schema":{"type":"object","properties":{"GCName":{"type":"string"},"GCAddress":{"type":"string"},"ContractNo":{"type":"string"},"PrimeEIN":{"type":"string"},"FederallyFunded":{"type":"string"},"CorpOrCoPartner":{"type":"string"},"F3NA":{"type":"string"},"RMSAQuestion":{"type":"string"},"ScheduleBQuestion":{"type":"string"},"B1Question":{"type":"string"},"EditableItems":{"type":"array","items":{"type":"string"}}}}}}},"runAfter":{"Parse_JSON":["Succeeded"]},"else":{"actions":{"Condition_2":{"actions":{"Get_files_(properties_only)_2":{"runAfter":{},"metadata":{"operationMetadataId":"5ffc0301-5c86-4677-bba3-5a66380cf387"},"type":"OpenApiConnection","inputs":{"host":{"apiId":"/providers/Microsoft.PowerApps/apis/shared_sharepointonline","connectionName":"shared_sharepointonline","operationId":"GetFileItems"},"parameters":{"dataset":"https://judlauent.sharepoint.com/sites/TCEInnovation","table":"9688d8ac-317d-4006-bb42-a7c83a467adb","folderPath":"/Shared Documents/Projects/Summer 2023 Intern Project -- Subcontractor Form Automation/Submissions/@{body('Parse_JSON')?['getSubcontractors']}/JSON","viewScopeOption":"Default"},"authentication":"@parameters('$authentication')"}},"Response":{"runAfter":{"Get_files_(properties_only)_2":["Succeeded"]},"metadata":{"operationMetadataId":"4811d057-5732-471c-8b51-92eccf5feb3c"},"type":"Response","kind":"Http","inputs":{"statusCode":200,"body":"@outputs('Get_files_(properties_only)_2')?['body/value']"}}},"runAfter":{},"else":{"actions":{"Response_3":{"runAfter":{},"metadata":{"operationMetadataId":"f3914d56-7272-4f0a-97e2-6b12d6f77683"},"type":"Response","kind":"Http","inputs":{"statusCode":500,"body":"Wtf is this"}}}},"expression":{"not":{"equals":["@body('Parse_JSON')?['getSubcontractors']","@null"]}},"metadata":{"operationMetadataId":"4cc460e4-1f7f-466d-ba45-e18cd3e481f0"},"type":"If"}}},"expression":{"equals":["@body('Parse_JSON')?['getContractNum']","true"]},"metadata":{"operationMetadataId":"8b0a3321-8b81-450f-885b-c32bb841e8d8"},"type":"If"},"Parse_JSON":{"runAfter":{},"metadata":{"operationMetadataId":"859e662f-23bc-48fb-a81c-f488539ce181"},"type":"ParseJson","inputs":{"content":"@triggerBody()","schema":{"type":"object","properties":{"Cache-Control":{"type":"string"},"Connection":{"type":"string"},"Accept":{"type":"string"},"Accept-Encoding":{"type":"string"},"Host":{"type":"string"},"User-Agent":{"type":"string"},"getContractNum":{"type":"string"},"getSubcontractors":{"type":"string"},"Postman-Token":{"type":"string"},"Content-Length":{"type":"string"}}}}}},"outputs":{}},"connectionReferences":{"shared_sharepointonline":{"connectionName":"shared-sharepointonl-1c65e8dc-e604-44ca-b4d7-43fcce557cfe","source":"Embedded","id":"/providers/Microsoft.PowerApps/apis/shared_sharepointonline","tier":"NotSpecified"}},"flowFailureAlertSubscribed":false,"isManaged":false}}