{"name":"92120872-5551-41a1-8fe4-8250f059f122","id":"/providers/Microsoft.Flow/flows/92120872-5551-41a1-8fe4-8250f059f122","type":"Microsoft.Flow/flows","properties":{"apiId":"/providers/Microsoft.PowerApps/apis/shared_logicflows","displayName":"Subcontractor Form Submission API","definition":{"metadata":{"workflowEntityId":null,"processAdvisorMetadata":null,"flowChargedByPaygo":null,"flowclientsuspensionreason":"None","flowclientsuspensiontime":null,"flowclientsuspensionreasondetails":null,"creator":{"id":"e983c8b7-cf38-4b28-934b-5526fc3e9596","type":"User","tenantId":"3539293e-58fa-4bab-a02e-18dc57fa9737"},"provisioningMethod":"FromDefinition","failureAlertSubscription":true,"clientLastModifiedTime":"2023-07-20T15:19:22.7814725Z"},"$schema":"https://schema.management.azure.com/providers/Microsoft.Logic/schemas/2016-06-01/workflowdefinition.json#","contentVersion":"1.0.0.0","parameters":{"$connections":{"defaultValue":{},"type":"Object"},"$authentication":{"defaultValue":{},"type":"SecureObject"}},"triggers":{"manual":{"metadata":{"operationMetadataId":"22585013-bda7-42ad-86d2-c079cf2899b4"},"type":"Request","kind":"Http","inputs":{"method":"POST"}}},"actions":{"Response":{"runAfter":{"Create_file":["Succeeded"]},"metadata":{"operationMetadataId":"34b97a31-24bf-4ae9-bba4-8f60c854fdc1"},"type":"Response","kind":"Http","inputs":{"statusCode":200,"schema":{"type":"object","properties":{"GCName":{"type":"string"},"GCAddress":{"type":"string"},"ContractNo":{"type":"string"},"PrimeEIN":{"type":"string"},"FederallyFunded":{"type":"string"},"CorpOrCoPartner":{"type":"string"},"F3NA":{"type":"string"},"RMSAQuestion":{"type":"string"},"ScheduleBQuestion":{"type":"string"},"B1Question":{"type":"string"},"EditableItems":{"type":"array","items":{"type":"string"}}}}}},"Parse_JSON":{"runAfter":{},"metadata":{"operationMetadataId":"d5ab31d6-3504-4499-8207-696e86bef569"},"type":"ParseJson","inputs":{"content":"@triggerBody()","schema":{"type":"object","properties":{"mt.GI.contractNo":{"type":"string"},"t.GI.subcontractorName":{"type":"string"}}}}},"Create_file":{"runAfter":{"Remove_Spaces_from_Sub_Name":["Succeeded"]},"metadata":{"operationMetadataId":"f82f287f-d7bb-4f6b-a45c-343396662a2d"},"type":"OpenApiConnection","inputs":{"host":{"apiId":"/providers/Microsoft.PowerApps/apis/shared_sharepointonline","connectionName":"shared_sharepointonline","operationId":"CreateFile"},"parameters":{"dataset":"https://judlauent.sharepoint.com/sites/TCEInnovation","folderPath":"/Shared Documents/Projects/Summer 2023 Intern Project -- Subcontractor Form Automation/Submissions/@{body('Parse_JSON')?['mt.GI.contractNo']}/JSON/","name":"@{variables('subNameSpaceless')}.json","body":"@triggerBody()"},"authentication":"@parameters('$authentication')"},"runtimeConfiguration":{"contentTransfer":{"transferMode":"Chunked"}}},"Remove_Spaces_from_Sub_Name":{"runAfter":{"Parse_JSON":["Succeeded"]},"metadata":{"operationMetadataId":"36f2203d-bcd2-4413-aa2f-788b12e72879"},"type":"InitializeVariable","inputs":{"variables":[{"name":"subNameSpaceless","type":"string","value":"@{toUpper(replace(body('Parse_JSON')?['t.GI.subcontractorName'],' ',''))}"}]}}},"outputs":{}},"connectionReferences":{"shared_sharepointonline":{"connectionName":"shared-sharepointonl-1c65e8dc-e604-44ca-b4d7-43fcce557cfe","source":"Embedded","id":"/providers/Microsoft.PowerApps/apis/shared_sharepointonline","tier":"NotSpecified"}},"flowFailureAlertSubscribed":false,"isManaged":false}}