{"name":"055053af-b59a-4a9e-bc40-3a93db22b098","id":"/providers/Microsoft.Flow/flows/055053af-b59a-4a9e-bc40-3a93db22b098","type":"Microsoft.Flow/flows","properties":{"apiId":"/providers/Microsoft.PowerApps/apis/shared_logicflows","displayName":"Autofill API","definition":{"metadata":{"workflowEntityId":null,"processAdvisorMetadata":null,"flowChargedByPaygo":null,"flowclientsuspensionreason":"None","flowclientsuspensiontime":null,"flowclientsuspensionreasondetails":null,"creator":{"id":"e983c8b7-cf38-4b28-934b-5526fc3e9596","type":"User","tenantId":"3539293e-58fa-4bab-a02e-18dc57fa9737"},"provisioningMethod":"FromDefinition","failureAlertSubscription":true,"clientLastModifiedTime":"2023-07-20T15:20:20.7045671Z"},"$schema":"https://schema.management.azure.com/providers/Microsoft.Logic/schemas/2016-06-01/workflowdefinition.json#","contentVersion":"1.0.0.0","parameters":{"$connections":{"defaultValue":{},"type":"Object"},"$authentication":{"defaultValue":{},"type":"SecureObject"}},"triggers":{"manual":{"metadata":{"operationMetadataId":"22585013-bda7-42ad-86d2-c079cf2899b4"},"type":"Request","kind":"Http","inputs":{"method":"POST"}}},"actions":{"Response":{"runAfter":{"Get_file_content_using_path":["Succeeded"]},"metadata":{"operationMetadataId":"34b97a31-24bf-4ae9-bba4-8f60c854fdc1"},"type":"Response","kind":"Http","inputs":{"statusCode":200,"body":"@body('Get_file_content_using_path')","schema":{"type":"object","properties":{"GCName":{"type":"string"},"GCAddress":{"type":"string"},"ContractNo":{"type":"string"},"PrimeEIN":{"type":"string"},"FederallyFunded":{"type":"string"},"CorpOrCoPartner":{"type":"string"},"F3NA":{"type":"string"},"RMSAQuestion":{"type":"string"},"ScheduleBQuestion":{"type":"string"},"B1Question":{"type":"string"},"EditableItems":{"type":"array","items":{"type":"string"}}}}}},"Get_file_content_using_path":{"runAfter":{"Initialize_variable":["Succeeded"]},"metadata":{"operationMetadataId":"eb1f6595-511e-4755-b0dc-08f6d17fbea8"},"type":"OpenApiConnection","inputs":{"host":{"apiId":"/providers/Microsoft.PowerApps/apis/shared_sharepointonline","connectionName":"shared_sharepointonline","operationId":"GetFileContentByPath"},"parameters":{"dataset":"https://judlauent.sharepoint.com/sites/TCEInnovation","path":"/Shared Documents/Projects/Summer 2023 Intern Project -- Subcontractor Form Automation/Submissions/@{body('Parse_JSON')?['Contract']}/JSON/@{variables('subNameSpaceless')}.json","inferContentType":false},"authentication":"@parameters('$authentication')"}},"Parse_JSON":{"runAfter":{},"metadata":{"operationMetadataId":"d5ab31d6-3504-4499-8207-696e86bef569"},"type":"ParseJson","inputs":{"content":"@triggerBody()","schema":{"type":"object","properties":{"Contract":{"type":"string"},"subName":{"type":"string"}}}}},"Initialize_variable":{"runAfter":{"Parse_JSON":["Succeeded"]},"metadata":{"operationMetadataId":"f9bc2c71-449d-4f0b-b0da-36a11b9bff22"},"type":"InitializeVariable","inputs":{"variables":[{"name":"subNameSpaceless","type":"string","value":"@{toUpper(replace(body('Parse_JSON')?['subName'],' ', ''))}"}]}}},"outputs":{}},"connectionReferences":{"shared_sharepointonline":{"connectionName":"shared-sharepointonl-1c65e8dc-e604-44ca-b4d7-43fcce557cfe","source":"Embedded","id":"/providers/Microsoft.PowerApps/apis/shared_sharepointonline","tier":"NotSpecified"}},"flowFailureAlertSubscribed":false,"isManaged":false}}